<?xml version="1.0" encoding="UTF-8"?>
<!DOCTYPE mapper PUBLIC "-//mybatis.org//DTD Mapper 3.0//EN"
"http://mybatis.org/dtd/mybatis-3-mapper.dtd">
<mapper namespace="com.example.springbootssm.dao.employeedao.EmployeeDao">
	<select id="employeeSelectByInformation" resultMap="employeelist">
		select * from employee_inf
		<where>
			<if test="job_id!=null">
				job_id in(select id from job_inf where name=#{job_id})
			</if>
			<if test="dept_id!=null">
				and dept_id in(select id from dept_inf where name=#{dept_id})
			</if>
			<if test="name!=null">
				and name like CONCAT('%','${name}','%')
			</if>
			<if test="card_id!=null">
				and card_id like CONCAT('%','${card_id}','%')
			</if>
			<if test="phone!=null">
				and phone like CONCAT('%','${phone}','%')
			</if>
			<if test="sex!=null">
				and sex= #{sex}
			</if>
		</where>
	</select>
	
	<resultMap id="employeelist" type="com.example.springbootssm.pojo.Employee">
		<id property="id" column="id"/>
		<result property="name" column="name"/>
		<result property="sex" column="sex"/>
		<result property="phone" column="phone"/>
		<result property="address" column="address"/>
		<result property="birthday" column="birthday"/>
		<result property="mail" column="mail"/>
		<result property="card_id" column="card_id"/>
		<association property="dept" column="dept_id" javaType="com.example.springbootssm.pojo.Dept"
		select=" com.example.springbootssm.dao.deptdao.DeptDao.deptSelectById" fetchType="eager"/>
		<association property="job" column="job_id" javaType="com.example.springbootssm.pojo.Job"
		select=" com.example.springbootssm.dao.jobdao.JobDao.jobSelectById" fetchType="eager"/>
	</resultMap>

</mapper>